brand_name,source_lake,total_products,passing_products,pass_rate,top_product_asin,top_product_price,top_product_velocity
Oceanic,catalist,104,57,0.5481,B01HR8VUGA,43.98,C
Sig Sauer,catalist,214,44,0.2056,B081ZP47Q8,49.99,B
Blue Sky Clayworks,inspired_home_show,149,34,0.2282,B0D3HB6WZC,31.19,LOW
Lyman,catalist,43,27,0.6279,B000RZ0HRE,37.98,C
Galco,catalist,36,23,0.6389,B000G7777Q,26.19,LOW
YakAttack,catalist,36,20,0.5556,B0DBQ2QM7Z,76.95,C
ZEISS,catalist,32,20,0.625,B0D9CB48Q4,999.99,LOW
Amscan,catalist,68,18,0.2647,B00ZPTK4WA,16.37,A
Lowrance,catalist,21,18,0.8571,B07N58QRMB,333.0,C
TRUGLO,catalist,59,14,0.2373,B003Q4COIS,32.69,LOW
Pyramex,catalist,17,14,0.8235,B078B9QD55,28.67,A
AIMS Power,catalist,19,13,0.6842,B07N1K43NQ,207.72,LOW
Hollis,catalist,24,12,0.5,B00361V0RW,96.0,B
Littlest Pet Shop,catalist,17,12,0.7059,B0D9M2HS2Z,26.0,C
Rainbow Friends,catalist,12,12,1.0,B0F22CGNXW,17.99,C
Dynabrade,catalist,20,11,0.55,B00065TPK0,207.56,C
Club Mocchi Mocchi,catalist,12,10,0.8333,B07D9MT2JK,28.66,C
Jackson,catalist,16,9,0.5625,B07LFVBFCW,269.99,LOW
iscream,toy_fair_ny,13,8,0.6154,B09C11N37G,37.99,C
Schrade,catalist,11,7,0.6364,B01785QCRY,26.99,C
Cleanwaste,catalist,9,7,0.7778,B001P6ZFG2,35.95,A
Unique,catalist,17,6,0.3529,B07ZZK5CR1,19.99,C
Mary Meyer,catalist,15,6,0.4,B07GJWS9H2,24.99,C
Quicksilver,catalist,11,6,0.5455,B00MIPCTBS,37.0,C
Blue Force Gear,catalist,10,6,0.6,B01FPK2UR0,22.88,C
Ticonderoga,catalist,7,6,0.8571,B01LYGCFKV,31.9,C
Gonesh,catalist,24,5,0.2083,B07T5FJJB4,16.97,LOW
Allsop,catalist,23,5,0.2174,B00TS4W200,59.0,LOW
Nocs Provisions,catalist,19,5,0.2632,B0CSYLBW1N,74.35,A
SHOWA,catalist,14,5,0.3571,B015WU52MI,20.44,C
Corolle,toy_fair_ny,10,5,0.5,B09N3Z66TS,34.92,B
SHURFLO,catalist,9,5,0.5556,B001444ZYI,61.3,A
E-Blox,toy_fair_ny,8,5,0.625,B01M4OCA0Y,47.96,LOW
Shock Doctor,catalist,22,4,0.1818,B09CXPN9ND,22.99,C
Gamo,catalist,17,4,0.2353,B00PWB7OYC,79.99,C
Fluke,catalist,12,4,0.3333,B0C9H54GLX,429.3,C
If You Care,expo_west,10,4,0.4,B0BLXZSCS3,18.63,A
Anolon,catalist,9,4,0.4444,B07RWPDH26,87.84,C
Bobrick,catalist,9,4,0.4444,B00IEH9WQE,17.39,C
BESSEY,catalist,8,4,0.5,B0057PUL52,39.38,LOW
PIGGY,catalist,7,4,0.5714,B08P3V4WN3,16.43,LOW
3D MAXpider,catalist,6,4,0.6667,B0CY44L9V6,239.99,LOW
Tolco,catalist,4,4,1.0,B07RC6PZ11,24.98,C
earthbath,global_pet_expo,30,3,0.1,B000WFSVRC,73.99,C
KYOKU,catalist,24,3,0.125,B07BK4DQN1,109.99,LOW
bollé,catalist,20,3,0.15,B007W7ZUCW,16.99,LOW
CoComelon,catalist,17,3,0.1765,B096BMYDNF,24.95,LOW
Bendon,catalist,12,3,0.25,B071F7ZMNQ,19.99,B
eeBoo,toy_fair_ny,10,3,0.3,B004LCJJS2,19.93,LOW
Quality Park,catalist,10,3,0.3,B0006VPH60,15.99,C
Blue Sea Systems,catalist,8,3,0.375,B001P6FTHC,44.82,A
Martin Yale,catalist,7,3,0.4286,B0B3Q12G9N,319.0,LOW
metabo,catalist,7,3,0.4286,B01LWRQ0GK,225.99,LOW
Scotty,catalist,7,3,0.4286,B00287U8H8,42.89,LOW
Berryman,catalist,6,3,0.5,B077Y1YSZ5,39.34,A
Officemate,catalist,6,3,0.5,B01LQUOEP4,24.99,B
Teacher Created Resources,catalist,5,3,0.6,B09KX3V3PZ,16.06,LOW
Makedo,toy_fair_ny,4,3,0.75,B08X4ZX456,55.0,A
Redi-Tag,catalist,4,3,0.75,B07NZ2HFR4,21.99,LOW
Shop-Vac,catalist,9,2,0.2222,B000HJD6SC,21.09,LOW
FLEX,expo_west,8,2,0.25,B0CT1QX7HW,184.95,LOW
Big Potato,catalist,7,2,0.2857,B09S6VM2G2,24.99,C
Razor,catalist,6,2,0.3333,B017V5PU4W,17.89,C
APC,catalist,5,2,0.4,B000CSP366,69.99,LOW
Agrisel,catalist,4,2,0.5,B09GTC6R4N,24.14,C
Gun Butter,catalist,3,2,0.6667,B00B2VFWUE,15.46,B
Jet-Lube,catalist,3,2,0.6667,B000LG8DLG,22.7,LOW
Con-Tact,catalist,2,2,1.0,B07H44NX4T,24.84,C
Handmade by Robots,toy_fair_ny,2,2,1.0,B09RHL2SRC,23.8,LOW
Minn Kota,catalist,2,2,1.0,B001PTHKLM,39.99,LOW
TRP,catalist,2,2,1.0,B00JY8394S,29.99,C
WEST PAW,global_pet_expo,40,1,0.025,B0CFSG7KSJ,24.99,LOW
HexArmor,catalist,27,1,0.037,B07HXBNKWC,24.99,LOW
Sightmark,catalist,22,1,0.0455,B07C8SLDDY,122.37,LOW
Marucci,catalist,19,1,0.0526,B0DB1B6TSK,199.95,LOW
Sena,catalist,13,1,0.0769,B00BTSGUMY,19.99,LOW
Klean Kanteen,catalist;catalist;expo_west,12,1,0.0833,B01ENNLBSY,19.99,LOW
Lillian Tablesettings,catalist,11,1,0.0909,B07846CTZS,24.99,LOW
Chinet,catalist,10,1,0.1,B07FGJ64M6,34.7,A
WS Game Company,toy_fair_ny,10,1,0.1,B0CCZFBYN5,46.95,LOW
Ebros Gift,catalist,8,1,0.125,B08DMW5CZV,33.45,LOW
Chicco,catalist,7,1,0.1429,B09J57F69T,36.73,LOW
Quartet,catalist,7,1,0.1429,B000V4OLP0,21.0,LOW
Red Toolbox,catalist,7,1,0.1429,B08SKYJQZW,36.96,LOW
SAVANA,toy_fair_ny,7,1,0.1429,B0GFX33H2G,79.59,LOW
Ameristep,catalist,6,1,0.1667,B0869B2V21,97.41,LOW
Dark Energy,catalist,4,1,0.25,B0D6XT8BFM,198.95,LOW
FOXPRO,catalist,4,1,0.25,B073S9XYYK,29.0,LOW
Greenfield,catalist,4,1,0.25,B000AOA434,18.66,LOW
MARTIN,catalist,4,1,0.25,B07KY1GWND,27.99,LOW
Proud Grill Company,inspired_home_show,4,1,0.25,B08CD46K17,19.77,LOW
Regal Games,catalist,4,1,0.25,B01N8S6QWS,31.99,LOW
Village Candle,catalist,4,1,0.25,B00TIUBU4I,17.12,LOW
Baumgartens,catalist,3,1,0.3333,B00C7ATQE2,106.2,LOW
DuPont,catalist,3,1,0.3333,B00DOKB64C,240.09,LOW
Guardian Fall Protection,catalist,3,1,0.3333,B00WJCE8X2,87.09,C
Gunk,catalist,3,1,0.3333,B000CPIMTO,17.77,LOW
Handstand Kitchen,inspired_home_show,3,1,0.3333,B084LYKCW9,29.99,LOW
Midland,catalist,3,1,0.3333,B09PF9KCKH,439.99,C
New Archery Products,catalist,3,1,0.3333,B003DR12YU,27.19,LOW
OccuNomix,catalist,3,1,0.3333,B08F31KZH5,61.44,LOW
Alley Cat Games,toy_fair_ny,2,1,0.5,B0CBST6K2T,39.99,LOW
Brentwood,catalist,2,1,0.5,B0DJN5894N,42.74,LOW
Combat,catalist,2,1,0.5,B00XLTYQCA,48.14,LOW
Louisville Ladder,catalist,2,1,0.5,B000U0H8PK,19.81,LOW
Pet Simulator,catalist,2,1,0.5,B0DJFR89MH,36.29,LOW
Tempress,catalist,2,1,0.5,B001U3Q0VO,32.18,LOW
Westclox,catalist,2,1,0.5,B00BIB9WPE,24.99,LOW
187 Killer Pads,catalist,1,1,1.0,B08257Z26W,60.68,A
Aerobie,catalist,1,1,1.0,B07Q5VDNZJ,18.85,C
attwood,catalist,1,1,1.0,B0007UOSWY,133.99,C
Chapin International,catalist,1,1,1.0,B003337IWO,21.44,C
Cordova,catalist,1,1,1.0,B01KYI5FQ6,63.99,LOW
Eagle Claw,catalist,1,1,1.0,B003ZZ6GTQ,19.2,LOW
HMC Holdings LLC - Homak,unknown,1,1,1.0,B000XJKD9G,33.98,LOW
Jabsco,catalist,1,1,1.0,B000O8F9BI,201.08,C
Kishigo,catalist,1,1,1.0,B0077RG0LM,22.45,LOW
Outward Hound,global_pet_expo,1,1,1.0,B0081XII9S,38.0,LOW
Peltor,catalist,1,1,1.0,B00NAG4WX2,80.28,A
Pyramex Safety,unknown,1,1,1.0,B00SLZJKNY,43.99,LOW
Radians,catalist,1,1,1.0,B07GPLX49Z,86.46,C
RAINBOW,catalist,1,1,1.0,B01LYFC3ZT,24.79,LOW
Tru-Ray,catalist,1,1,1.0,B00GDP1LAO,17.12,C
West Chester,unknown,1,1,1.0,B007UU8FXM,28.53,LOW
Xtratuf,catalist,479,0,0.0,,,
3M,catalist,477,0,0.0,,,
Electronic Arts,catalist,424,0,0.0,,,
Champion,catalist,356,0,0.0,,,
Continental,catalist,295,0,0.0,,,
PILOT,catalist,278,0,0.0,,,
Bandai Namco,catalist,275,0,0.0,,,
Good Smile Company,toy_fair_ny,245,0,0.0,,,
Beretta,catalist,239,0,0.0,,,
Leupold,catalist,225,0,0.0,,,
Pentel,catalist,214,0,0.0,,,
Bluey,catalist,213,0,0.0,,,
Honeywell,catalist,194,0,0.0,,,
Elemental,inspired_home_show,190,0,0.0,,,
Super7,catalist;catalist;toy_fair_ny,181,0,0.0,,,
Tender Leaf Toys,toy_fair_ny,178,0,0.0,,,
FOCO,asd,176,0,0.0,,,
Frontier Co-op,expo_west,150,0,0.0,,,
Eaton,catalist,142,0,0.0,,,
Herm Sprenger,global_pet_expo,137,0,0.0,,,
Jada,catalist,135,0,0.0,,,
Paw Patrol,catalist,134,0,0.0,,,
Barbie,catalist,126,0,0.0,,,
Avery,catalist,123,0,0.0,,,
Bormioli Rocco,catalist,118,0,0.0,,,
Cortland,catalist,115,0,0.0,,,
Daiwa,catalist,111,0,0.0,,,
SUMMIT COLLECTION,catalist,111,0,0.0,,,
Zebra Pen,catalist,109,0,0.0,,,
Corelle,catalist,104,0,0.0,,,
Gioberti,catalist,103,0,0.0,,,
KYOCERA,catalist,91,0,0.0,,,
Conair,catalist,89,0,0.0,,,
BlueBonnet,catalist,88,0,0.0,,,
Jazwares,toy_fair_ny,81,0,0.0,,,
Loctite,catalist,80,0,0.0,,,
RAW,catalist,78,0,0.0,,,
Freud,catalist,74,0,0.0,,,
DC Comics,catalist,72,0,0.0,,,
G.I. Joe,catalist,71,0,0.0,,,
Silky,catalist,69,0,0.0,,,
Colgate,catalist,68,0,0.0,,,
Michel Design Works,catalist,68,0,0.0,,,
Tombow,catalist,64,0,0.0,,,
Codeage,expo_west,63,0,0.0,,,
Bigelow Tea,catalist;catalist;expo_west,61,0,0.0,,,
GORILLA,catalist,61,0,0.0,,,
Arm & Hammer,expo_west,60,0,0.0,,,
Cutters,catalist,60,0,0.0,,,
KMC,catalist,60,0,0.0,,,
Life Extension,catalist;catalist;expo_west,60,0,0.0,,,
SCHWALBE,catalist,60,0,0.0,,,
SHIMANO,catalist,59,0,0.0,,,
Lipper International,catalist,58,0,0.0,,,
MARSHALLTOWN,catalist,58,0,0.0,,,
Aromatique,catalist,56,0,0.0,,,
Jelly Belly,catalist,55,0,0.0,,,
Micro Ingredients,expo_west,55,0,0.0,,,
Irwin Naturals,catalist;catalist;expo_west,53,0,0.0,,,
Suncloud,catalist,53,0,0.0,,,
Boss Fight Studio,catalist,51,0,0.0,,,
Channellock,catalist,50,0,0.0,,,
Dynarex,catalist,49,0,0.0,,,
Pepperell Crafts,toy_fair_ny,49,0,0.0,,,
Duralex,catalist,48,0,0.0,,,
Lucas Oil,catalist,48,0,0.0,,,
Sesame Street,catalist,46,0,0.0,,,
Bostitch,catalist,45,0,0.0,,,
GE,catalist,45,0,0.0,,,
JapanBargain,catalist,45,0,0.0,,,
Miller,catalist,45,0,0.0,,,
Anchor Hocking,catalist,44,0,0.0,,,
Purell,catalist,44,0,0.0,,,
METROVAC,global_pet_expo,42,0,0.0,,,
Boiron,expo_west,40,0,0.0,,,
Brady,catalist,40,0,0.0,,,
OCEAN REEF,catalist,40,0,0.0,,,
Superio,catalist,40,0,0.0,,,
XS SIGHTS,catalist,39,0,0.0,,,
Ansell,catalist,38,0,0.0,,,
Cold Steel,catalist,38,0,0.0,,,
Folgers,catalist,38,0,0.0,,,
OUTDOOR EDGE,catalist,38,0,0.0,,,
Redbarn Pet Products,global_pet_expo,38,0,0.0,,,
Arrow Fastener,catalist,37,0,0.0,,,
Serfas,catalist,37,0,0.0,,,
Fluff & Tuff,global_pet_expo,36,0,0.0,,,
Kit Cat Klock,catalist,35,0,0.0,,,
Markwort,catalist,35,0,0.0,,,
PIONEER,catalist,35,0,0.0,,,
Alex and Ani,ny_now,34,0,0.0,,,
Bio-groom,global_pet_expo,32,0,0.0,,,
BOSS Audio Systems,catalist,31,0,0.0,,,
Curli,global_pet_expo,30,0,0.0,,,
Nintendo,catalist,30,0,0.0,,,
Real Avid,catalist,30,0,0.0,,,
Silicon Mix,catalist,30,0,0.0,,,
BioEmblem,expo_west,29,0,0.0,,,
MegaFood,expo_west,29,0,0.0,,,
Nutrex Research,catalist,29,0,0.0,,,
Game Reaper,catalist,28,0,0.0,,,
Hot Wheels,catalist,28,0,0.0,,,
HALO,catalist,27,0,0.0,,,
Jacobs,catalist,27,0,0.0,,,
Lizard Skins,catalist,27,0,0.0,,,
Innovative Designs,toy_fair_ny,26,0,0.0,,,
RCBS,catalist,26,0,0.0,,,
ダイワ(DAIWA),unknown,26,0,0.0,,,
Earth Animal,global_pet_expo,25,0,0.0,,,
GUINNESS THE 1759,unknown,25,0,0.0,,,
Zulay Kitchen,inspired_home_show,25,0,0.0,,,
Alaffia,expo_west,24,0,0.0,,,
CBE,catalist,24,0,0.0,,,
GILMOUR,catalist,24,0,0.0,,,
Little Giant,catalist,24,0,0.0,,,
Luigi Bormioli,catalist,24,0,0.0,,,
Wooster,catalist,24,0,0.0,,,
Dogline,global_pet_expo,23,0,0.0,,,
GLOCK,catalist,23,0,0.0,,,
Gunnar,catalist,23,0,0.0,,,
LimbSaver,catalist,23,0,0.0,,,
Lincoln Electric,catalist,23,0,0.0,,,
Makita,catalist,23,0,0.0,,,
Artline,catalist,22,0,0.0,,,
Ball,catalist,22,0,0.0,,,
Lodge,catalist,22,0,0.0,,,
Zebra Technologies,catalist,22,0,0.0,,,
Marvel,catalist,21,0,0.0,,,
Progressive,catalist,21,0,0.0,,,
Pulsar,catalist,20,0,0.0,,,
Markal,catalist,19,0,0.0,,,
Messermeister,inspired_home_show,19,0,0.0,,,
Zerostart,catalist,19,0,0.0,,,
HALYARD,catalist,18,0,0.0,,,
Osprey,catalist,18,0,0.0,,,
Piggy Paint,expo_west,18,0,0.0,,,
Sierra,catalist,18,0,0.0,,,
US PeaceKeeper Products,catalist,18,0,0.0,,,
AGM Global Vision,catalist,17,0,0.0,,,
Permatex,catalist,17,0,0.0,,,
Quip,expo_west,17,0,0.0,,,
Rayovac,catalist,17,0,0.0,,,
Youtheory,expo_west,17,0,0.0,,,
Benriner,catalist,16,0,0.0,,,
Concealment Express,catalist,16,0,0.0,,,
NKOK,catalist,16,0,0.0,,,
Oxford,catalist,16,0,0.0,,,
PDP,catalist,16,0,0.0,,,
Xyron,catalist,16,0,0.0,,,
Force Factor,expo_west,15,0,0.0,,,
Iwatani,catalist,15,0,0.0,,,
Lexmark,catalist,15,0,0.0,,,
Yookidoo,toy_fair_ny,15,0,0.0,,,
COBI,toy_fair_ny,14,0,0.0,,,
Edgar Sherman Design,catalist,14,0,0.0,,,
Gearbox,catalist,14,0,0.0,,,
Master Lock,catalist,14,0,0.0,,,
Mendota Pet,global_pet_expo,14,0,0.0,,,
Nordic Ware,inspired_home_show,14,0,0.0,,,
Sunwarrior,expo_west,14,0,0.0,,,
Viking Tactics,catalist,14,0,0.0,,,
Westcott,catalist,14,0,0.0,,,
Dupli-Color,catalist,13,0,0.0,,,
FloraCraft,catalist,13,0,0.0,,,
Glad,catalist,13,0,0.0,,,
LOLA,catalist,13,0,0.0,,,
New Mexico Piñon Coffee,expo_west,13,0,0.0,,,
Peppa Pig,catalist,13,0,0.0,,,
Serenity Kids,expo_west,13,0,0.0,,,
Teeccino,expo_west,13,0,0.0,,,
Dave's Pet Food,global_pet_expo,12,0,0.0,,,
HuggleHounds,global_pet_expo,12,0,0.0,,,
Ideal Industries,catalist,12,0,0.0,,,
Jackson Safety,catalist,12,0,0.0,,,
KLEAN-STRIP,catalist,12,0,0.0,,,
LOOBANI,global_pet_expo,12,0,0.0,,,
Loving Pets,global_pet_expo,12,0,0.0,,,
MEGAComfort Inc.,catalist,12,0,0.0,,,
Miracle Noodle,expo_west,12,0,0.0,,,
Pantone,catalist,12,0,0.0,,,
RAVIN,catalist,12,0,0.0,,,
Boka,expo_west,11,0,0.0,,,
Bosch,catalist,11,0,0.0,,,
CLENZOIL,catalist,11,0,0.0,,,
Finish,catalist,11,0,0.0,,,
Fox 40,catalist,11,0,0.0,,,
Greenlee,catalist,11,0,0.0,,,
Helly Hansen,unknown,11,0,0.0,,,
Nexbelt,catalist,11,0,0.0,,,
PDI,catalist,11,0,0.0,,,
Pegasus Spiele,catalist,11,0,0.0,,,
Bayou Classic,catalist,10,0,0.0,,,
Cheerble,global_pet_expo,10,0,0.0,,,
CoreTex,catalist,10,0,0.0,,,
Loungefly,catalist,10,0,0.0,,,
Purdy,catalist,10,0,0.0,,,
Viper,catalist,10,0,0.0,,,
ANIME HEROES,catalist,9,0,0.0,,,
Bil-Jac,global_pet_expo,9,0,0.0,,,
Coby,catalist,9,0,0.0,,,
Curaprox,asd,9,0,0.0,,,
Four Sigmatic,expo_west,9,0,0.0,,,
Gaia Herbs,expo_west,9,0,0.0,,,
Galvanina,expo_west,9,0,0.0,,,
GBC,catalist,9,0,0.0,,,
Gorilla Automotive,unknown,9,0,0.0,,,
Hanna K. Signature Collection,catalist,9,0,0.0,,,
Pearson,catalist,9,0,0.0,,,
phade,catalist,9,0,0.0,,,
BodyHealth,expo_west,8,0,0.0,,,
Charles River Apparel,catalist,8,0,0.0,,,
Dahle,catalist,8,0,0.0,,,
Fox Labs,catalist,8,0,0.0,,,
Ironclad,catalist,8,0,0.0,,,
Jack Rabbit Creations,ny_now,8,0,0.0,,,
Jarrow Formulas,catalist,8,0,0.0,,,
Philippine Brand,expo_west,8,0,0.0,,,
PIC,catalist,8,0,0.0,,,
REDCON1,catalist,8,0,0.0,,,
Scott Archery,catalist,8,0,0.0,,,
Viridian Weapon Technologies,catalist,8,0,0.0,,,
White Leaf Provisions,expo_west,8,0,0.0,,,
Badger,expo_west,7,0,0.0,,,
BARNETT,catalist,7,0,0.0,,,
CenterPoint,catalist,7,0,0.0,,,
CHILDLIFE ESSENTIALS,expo_west,7,0,0.0,,,
ECOS,expo_west,7,0,0.0,,,
Flourish,expo_west,7,0,0.0,,,
Fresh Products,catalist,7,0,0.0,,,
GAME,catalist,7,0,0.0,,,
HEX BOTS,catalist,7,0,0.0,,,
Intex,catalist,7,0,0.0,,,
Mechanix Wear,catalist,7,0,0.0,,,
Meprolight,catalist,7,0,0.0,,,
nutpods,expo_west,7,0,0.0,,,
Nuun,catalist,7,0,0.0,,,
Party Dimensions,catalist,7,0,0.0,,,
Savannah Bee Company,expo_west,7,0,0.0,,,
Summit,catalist,7,0,0.0,,,
TaylorMade,catalist,7,0,0.0,,,
TUBBZ,toy_fair_ny,7,0,0.0,,,
100% PURE,expo_west,6,0,0.0,,,
Alemite,catalist,6,0,0.0,,,
AXIL,catalist,6,0,0.0,,,
BAGSMART,inspired_home_show,6,0,0.0,,,
BAND-IT,catalist,6,0,0.0,,,
Darford,global_pet_expo,6,0,0.0,,,
DUNLOP,catalist,6,0,0.0,,,
Fizz Creations,toy_fair_ny,6,0,0.0,,,
Formula 420,catalist,6,0,0.0,,,
Fritz Aquatics,global_pet_expo,6,0,0.0,,,
FrogTape,catalist,6,0,0.0,,,
Glade,catalist,6,0,0.0,,,
Howard Leight,catalist,6,0,0.0,,,
Island Dogs,toy_fair_ny,6,0,0.0,,,
J-B Weld,catalist,6,0,0.0,,,
Mielle Organics,catalist,6,0,0.0,,,
Outset,catalist,6,0,0.0,,,
SenesTech,catalist,6,0,0.0,,,
Vitamin World,expo_west,6,0,0.0,,,
AIRHEAD,catalist,5,0,0.0,,,
Antica Farmacista,ny_now,5,0,0.0,,,
Aromar,inspired_home_show,5,0,0.0,,,
ArtCreativity,toy_fair_ny,5,0,0.0,,,
Bartesian,inspired_home_show,5,0,0.0,,,
BenchMaster,catalist,5,0,0.0,,,
Benebone,global_pet_expo,5,0,0.0,,,
Bernzomatic,catalist,5,0,0.0,,,
Boeshield,catalist,5,0,0.0,,,
Cheers,expo_west,5,0,0.0,,,
CleverMade,inspired_home_show,5,0,0.0,,,
Davis Group,catalist,5,0,0.0,,,
Fox Run,catalist,5,0,0.0,,,
Goo Gone,catalist,5,0,0.0,,,
Hamilton Beach,catalist,5,0,0.0,,,
ili New York,ny_now,5,0,0.0,,,
IPG,catalist,5,0,0.0,,,
Jet,catalist,5,0,0.0,,,
Lily Of The Desert,expo_west,5,0,0.0,,,
Little Live Pets,catalist,5,0,0.0,,,
Medique,catalist,5,0,0.0,,,
Mighty Jaxx,toy_fair_ny,5,0,0.0,,,
Nightstick,catalist,5,0,0.0,,,
PEARL IZUMI,catalist,5,0,0.0,,,
PFERD,catalist,5,0,0.0,,,
Red Devil,catalist,5,0,0.0,,,
Shepherd Boy Farms,global_pet_expo,5,0,0.0,,,
Supergut,expo_west,5,0,0.0,,,
TEAR-AID,catalist,5,0,0.0,,,
TEKTRO,catalist,5,0,0.0,,,
TenPoint,catalist,5,0,0.0,,,
TIMEMORE,catalist,5,0,0.0,,,
Tru Earth,expo_west,5,0,0.0,,,
TRUE TEMPER,catalist,5,0,0.0,,,
Unique Snacks,expo_west,5,0,0.0,,,
Universal,catalist,5,0,0.0,,,
VMI Sports,expo_west,5,0,0.0,,,
Wuffes,global_pet_expo,5,0,0.0,,,
Advantus,catalist,4,0,0.0,,,
Barlean's,expo_west,4,0,0.0,,,
Big Tree Farms,expo_west,4,0,0.0,,,
Bigso Box of Sweden,inspired_home_show,4,0,0.0,,,
BiKase,catalist,4,0,0.0,,,
Boyd Enterprises,global_pet_expo,4,0,0.0,,,
CCL Security Products,catalist,4,0,0.0,,,
Clean Simple Eats,expo_west,4,0,0.0,,,
ClearBags,global_pet_expo,4,0,0.0,,,
Coffee Mate,catalist,4,0,0.0,,,
Core Products,catalist,4,0,0.0,,,
Eagle,catalist,4,0,0.0,,,
Firefield,catalist,4,0,0.0,,,
FLITZ,catalist,4,0,0.0,,,
Fresh Press Farms,expo_west,4,0,0.0,,,
Frienhund,global_pet_expo,4,0,0.0,,,
FRUGA,expo_west,4,0,0.0,,,
Gardner Bender,catalist,4,0,0.0,,,
Great Eastern Entertainment,toy_fair_ny,4,0,0.0,,,
Halo Headband,catalist,4,0,0.0,,,
Handy Gourmet,catalist,4,0,0.0,,,
Huxley,expo_west,4,0,0.0,,,
Igloo,catalist;catalist;toy_fair_ny,4,0,0.0,,,
Klymit,catalist,4,0,0.0,,,
Laird Superfood,expo_west,4,0,0.0,,,
MELTING FOREST,expo_west,4,0,0.0,,,
Milwaukee Leather,unknown,4,0,0.0,,,
Nicole Home Collection,catalist,4,0,0.0,,,
ORION,catalist,4,0,0.0,,,
Punchkins,toy_fair_ny,4,0,0.0,,,
RAGE,catalist,4,0,0.0,,,
THE GEOPROJECT,ny_now,4,0,0.0,,,
TRUFF,expo_west,4,0,0.0,,,
Truly Indian,expo_west,4,0,0.0,,,
Truvani,expo_west,4,0,0.0,,,
Whale,catalist,4,0,0.0,,,
Wheeler,catalist,4,0,0.0,,,
Yeti Dog Chew,global_pet_expo,4,0,0.0,,,
ZOUT,catalist,4,0,0.0,,,
Advil,catalist,3,0,0.0,,,
ALPHA LION,catalist,3,0,0.0,,,
ALZOO,global_pet_expo,3,0,0.0,,,
Bike Tow Leash,global_pet_expo,3,0,0.0,,,
BioBag,expo_west,3,0,0.0,,,
Blue Mountain Hay,global_pet_expo,3,0,0.0,,,
BOG,catalist,3,0,0.0,,,
Bravo Concealment,catalist,3,0,0.0,,,
BREAK FREE,catalist,3,0,0.0,,,
CHAMPRO,catalist,3,0,0.0,,,
Chimes,expo_west,3,0,0.0,,,
Cleanlogic,expo_west,3,0,0.0,,,
Daytrip,expo_west,3,0,0.0,,,
Dixie EMS,catalist,3,0,0.0,,,
DMT (Diamond Machining Technology),catalist,3,0,0.0,,,
Duel,catalist,3,0,0.0,,,
Dum Dums,catalist,3,0,0.0,,,
EATIFUL,expo_west,3,0,0.0,,,
First Aid Only,catalist,3,0,0.0,,,
Frankford Arsenal,catalist,3,0,0.0,,,
Freestyle Snacks,expo_west,3,0,0.0,,,
Gator Guards,catalist,3,0,0.0,,,
Global Glove,catalist,3,0,0.0,,,
GORGIE,expo_west,3,0,0.0,,,
Gou Gou Pets,global_pet_expo,3,0,0.0,,,
Grandpa Beck's Games,toy_fair_ny,3,0,0.0,,,
greencycle,catalist,3,0,0.0,,,
Guardair,catalist,3,0,0.0,,,
HOLI,global_pet_expo,3,0,0.0,,,
Hornady,catalist,3,0,0.0,,,
Hunters Specialties,catalist,3,0,0.0,,,
KISS,catalist,3,0,0.0,,,
Kitchen & Love,expo_west,3,0,0.0,,,
Lola's Fine Hot Sauce,expo_west,3,0,0.0,,,
Long Weekend,expo_west,3,0,0.0,,,
Michaels Of Brooklyn,expo_west,3,0,0.0,,,
NutraMedix,catalist,3,0,0.0,,,
PARRIS CLASSIC QUALITY TOYS EST. 1936,catalist,3,0,0.0,,,
Persil,catalist,3,0,0.0,,,
Rachael Ray,catalist,3,0,0.0,,,
ReadyWise,catalist,3,0,0.0,,,
Sun Tropics,expo_west,3,0,0.0,,,
The Good Game Company,toy_fair_ny,3,0,0.0,,,
tokidoki,toy_fair_ny,3,0,0.0,,,
Vitanica,expo_west,3,0,0.0,,,
West System,catalist,3,0,0.0,,,
ZEGO,expo_west,3,0,0.0,,,
ZEN,expo_west,3,0,0.0,,,
2XL,catalist,2,0,0.0,,,
303 Products,catalist,2,0,0.0,,,
5 Surprise,catalist,2,0,0.0,,,
AFF,catalist,2,0,0.0,,,
ALOHA,expo_west,2,0,0.0,,,
ANCIENT SECRETS,catalist,2,0,0.0,,,
Aquatop,global_pet_expo,2,0,0.0,,,
Arrow Home Products,catalist,2,0,0.0,,,
Arthur Andrew Medical,expo_west,2,0,0.0,,,
ATTITUDE,expo_west,2,0,0.0,,,
AW ACTIVEWRAP,catalist,2,0,0.0,,,
Bio.me,expo_west,2,0,0.0,,,
blue monkey,expo_west,2,0,0.0,,,
Chef Kitty,global_pet_expo,2,0,0.0,,,
Coast of Maine,catalist,2,0,0.0,,,
Coghlan's,catalist,2,0,0.0,,,
Coilhose Pneumatics,catalist,2,0,0.0,,,
Continuum Games,toy_fair_ny,2,0,0.0,,,
CoTa Global,asd,2,0,0.0,,,
CYMBIOTIKA,expo_west,2,0,0.0,,,
Davis Instruments,catalist,2,0,0.0,,,
daylight,catalist,2,0,0.0,,,
DURO,catalist,2,0,0.0,,,
Earth Rated,global_pet_expo,2,0,0.0,,,
Egmont Honey,expo_west,2,0,0.0,,,
elleebana,catalist,2,0,0.0,,,
ELPHECO,inspired_home_show,2,0,0.0,,,
Fiskars,catalist;catalist;global_pet_expo,2,0,0.0,,,
FIt Butters,expo_west,2,0,0.0,,,
Fit Crunch,catalist,2,0,0.0,,,
Frog Lube,catalist,2,0,0.0,,,
GEARWRENCH,catalist,2,0,0.0,,,
Glo Pals,toy_fair_ny,2,0,0.0,,,
Goodpop,expo_west,2,0,0.0,,,
Handy Pantry,catalist,2,0,0.0,,,
Hollywood Racks,catalist,2,0,0.0,,,
Honees,catalist,2,0,0.0,,,
Honey Australia,expo_west,2,0,0.0,,,
Hotpot Queen,expo_west,2,0,0.0,,,
Huxley & Kent,inspired_home_show,2,0,0.0,,,
Interlux,catalist,2,0,0.0,,,
Ion8,catalist,2,0,0.0,,,
"iPlay, iLearn",toy_fair_ny,2,0,0.0,,,
Ironwood Gourmet,catalist,2,0,0.0,,,
Lava,catalist,2,0,0.0,,,
Lulujo,catalist,2,0,0.0,,,
Maximum Entertainment,unknown,2,0,0.0,,,
NOKA,expo_west,2,0,0.0,,,
NutriBiotic,expo_west,2,0,0.0,,,
PAWSPIK,global_pet_expo,2,0,0.0,,,
Peepers by PeeperSpecs,expo_west,2,0,0.0,,,
PetSport,global_pet_expo,2,0,0.0,,,
Pickerfresh,expo_west,2,0,0.0,,,
Pickle Juice,catalist;catalist;expo_west,2,0,0.0,,,
Quantum Energy Squares,expo_west,2,0,0.0,,,
Rock Off officially licensed products,unknown,2,0,0.0,,,
Scoochie Pet Products,global_pet_expo,2,0,0.0,,,
Scott Professional,catalist,2,0,0.0,,,
SentrySafe,catalist,2,0,0.0,,,
Seven Sundays,expo_west,2,0,0.0,,,
Stroop Club,expo_west,2,0,0.0,,,
Sunsweet,expo_west,2,0,0.0,,,
The Honey Pot Company,expo_west,2,0,0.0,,,
Wrap-It Storage,inspired_home_show,2,0,0.0,,,
ZipString,toy_fair_ny,2,0,0.0,,,
1791 GUNLEATHER,catalist,1,0,0.0,,,
Advance Pet Products,global_pet_expo,1,0,0.0,,,
Adventure Medical Kits,catalist,1,0,0.0,,,
aerolatte,inspired_home_show,1,0,0.0,,,
African American Expressions,toy_fair_ny,1,0,0.0,,,
ALLWELLO,expo_west,1,0,0.0,,,
Amara,expo_west,1,0,0.0,,,
Anagram International,unknown,1,0,0.0,,,
ANTELOPE,global_pet_expo,1,0,0.0,,,
Aphmau,catalist,1,0,0.0,,,
ARDOR,expo_west,1,0,0.0,,,
Avian-X,catalist,1,0,0.0,,,
BANDAI NAMCO Games,unknown,1,0,0.0,,,
BELVITA,catalist,1,0,0.0,,,
Bernz-O-Matic,unknown,1,0,0.0,,,
Bikebac,catalist,1,0,0.0,,,
Boba Tea Protein,expo_west,1,0,0.0,,,
Bobelo,expo_west,1,0,0.0,,,
Cata-Kor,expo_west,1,0,0.0,,,
Caulipuffs,expo_west,1,0,0.0,,,
CenterPoint Archery,catalist,1,0,0.0,,,
Chip's Naturals,global_pet_expo,1,0,0.0,,,
ChocXO,expo_west,1,0,0.0,,,
Claudia's Canine Bakery,global_pet_expo,1,0,0.0,,,
Cliganic,expo_west,1,0,0.0,,,
Coast,catalist,1,0,0.0,,,
Coffee Bean & Tea Leaf,expo_west,1,0,0.0,,,
Comeaux Caps,catalist,1,0,0.0,,,
Comet,catalist;catalist;expo_west,1,0,0.0,,,
Cure Hydration,expo_west,1,0,0.0,,,
Daisy,catalist,1,0,0.0,,,
Daphne's Headcovers,catalist,1,0,0.0,,,
datacolor,catalist,1,0,0.0,,,
Domino,catalist,1,0,0.0,,,
Duncan,catalist,1,0,0.0,,,
DURASACK,inspired_home_show,1,0,0.0,,,
Educational Insights,catalist,1,0,0.0,,,
Eklind Tool,catalist,1,0,0.0,,,
Elements Truffles,expo_west,1,0,0.0,,,
ELOS,expo_west,1,0,0.0,,,
Fendall,catalist,1,0,0.0,,,
Five Star,expo_west,1,0,0.0,,,
FRABILL,catalist,1,0,0.0,,,
Franklin Sports,catalist,1,0,0.0,,,
Geekey,catalist,1,0,0.0,,,
General Tools,catalist,1,0,0.0,,,
GENICOOK,inspired_home_show,1,0,0.0,,,
Glisten,catalist,1,0,0.0,,,
Goof Off,catalist,1,0,0.0,,,
GREENFIELD PRODUCTS,catalist,1,0,0.0,,,
Guard Dog Security,catalist,1,0,0.0,,,
Hamilton Beach Commercial,catalist,1,0,0.0,,,
HENCKELS,catalist,1,0,0.0,,,
Herbal Roots,expo_west,1,0,0.0,,,
Honeywell Home,unknown,1,0,0.0,,,
Honeywell Safes & Door Locks,unknown,1,0,0.0,,,
Hootenanny Games,toy_fair_ny,1,0,0.0,,,
HS HERM. SPRENGER GERMANY,unknown,1,0,0.0,,,
Humphreys,expo_west,1,0,0.0,,,
I'm Nutrients,expo_west,1,0,0.0,,,
KitchenArt,catalist,1,0,0.0,,,
Kuze Fuku & Sons,expo_west,1,0,0.0,,,
La Chatelaine,ny_now,1,0,0.0,,,
La Crosse Technology,catalist,1,0,0.0,,,
La Monarca Bakery,expo_west,1,0,0.0,,,
LAV,inspired_home_show,1,0,0.0,,,
Life+Gear,catalist,1,0,0.0,,,
Lincoln,catalist,1,0,0.0,,,
Lotus Foods,expo_west,1,0,0.0,,,
MABIS,catalist,1,0,0.0,,,
mace,catalist,1,0,0.0,,,
Mammoth Pet Products,global_pet_expo,1,0,0.0,,,
Marabu,catalist,1,0,0.0,,,
Mariani,expo_west,1,0,0.0,,,
Marvel Mystery Oil,catalist,1,0,0.0,,,
Mary's Gone Crackers,expo_west,1,0,0.0,,,
Mason Cash,global_pet_expo,1,0,0.0,,,
Master Appliance,catalist,1,0,0.0,,,
Mattel,catalist,1,0,0.0,,,
Midwest Rake,catalist,1,0,0.0,,,
Mighty Plant,catalist,1,0,0.0,,,
Namco Bandai,unknown,1,0,0.0,,,
nan,unknown,1,0,0.0,,,
New Wave Enviro,expo_west,1,0,0.0,,,
Nick's Sticks,expo_west,1,0,0.0,,,
No Cow,catalist,1,0,0.0,,,
Ocean's Halo,expo_west,1,0,0.0,,,
ORZAX,expo_west,1,0,0.0,,,
Osulloc,expo_west,1,0,0.0,,,
OtterBox,catalist,1,0,0.0,,,
Pacific Giftware,catalist,1,0,0.0,,,
peaksNpaws,global_pet_expo,1,0,0.0,,,
Penco Medical,catalist,1,0,0.0,,,
Peugeot,inspired_home_show,1,0,0.0,,,
Pronativ,expo_west,1,0,0.0,,,
ProPulse,catalist,1,0,0.0,,,
PUMIE,catalist,1,0,0.0,,,
PURE INDIAN FOODS,expo_west,1,0,0.0,,,
Purist,expo_west,1,0,0.0,,,
QUALIA LIFE SCIENCES,expo_west,1,0,0.0,,,
Ramen Bae,expo_west,1,0,0.0,,,
Redi-Rite,catalist,1,0,0.0,,,
Reelcraft,catalist,1,0,0.0,,,
REESE,catalist,1,0,0.0,,,
Reflect Sports,catalist,1,0,0.0,,,
Save the Girls,inspired_home_show,1,0,0.0,,,
SC Johnson Professional,catalist,1,0,0.0,,,
Scent Crusher,catalist,1,0,0.0,,,
Schmidt Bros.,inspired_home_show,1,0,0.0,,,
Scotch-Brite,catalist,1,0,0.0,,,
SCOTT,catalist,1,0,0.0,,,
SENCHA NATURALS,expo_west,1,0,0.0,,,
Sonic the Hedgehog,unknown,1,0,0.0,,,
Spin Master,catalist,1,0,0.0,,,
SUBZERO,catalist,1,0,0.0,,,
Sun-Staches,toy_fair_ny,1,0,0.0,,,
SUPER COFFEE,expo_west,1,0,0.0,,,
The Frozen Bean,expo_west,1,0,0.0,,,
Tiesta Tea,expo_west,1,0,0.0,,,
TRUBAR,expo_west,1,0,0.0,,,
True Moringa,expo_west,1,0,0.0,,,
Uniden,catalist,1,0,0.0,,,
Uproot Clean,global_pet_expo,1,0,0.0,,,
Valve,unknown,1,0,0.0,,,
Viori,expo_west,1,0,0.0,,,
Western Rivers,catalist,1,0,0.0,,,
WET HYDRATION,expo_west,1,0,0.0,,,
Wypall,catalist,1,0,0.0,,,
Xtreme Aquatic Foods,global_pet_expo,1,0,0.0,,,
Yakima,catalist,1,0,0.0,,,
YTC Summit International,catalist,1,0,0.0,,,
YUMI,expo_west,1,0,0.0,,,
Zojirushi,catalist,1,0,0.0,,,
Zoup!,expo_west,1,0,0.0,,,
